17,15,17,60,1717,1163036300,13.185,18.734,2230519.819,1375553.248,15.5,7.0,2,25.79,0.0,1,101.0,214.0,0.0,1.0,2.0,1.0,15,0,37.12,1.44,peachtree,15,60,1713,1163036300,11.948,55.855,2230521.145,1375588.566,18.0,7.0,2,9.72,-11.99,1,101.0,214.0,0.0,1.0,2.0,1.0,13,17,0.0,0.0,peachtree,2800
21,17,21,88,209,1163039100,23.705,27.501,2230530.563,1375559.3369999998,18.0,7.0,2,23.83,0.0,2,101.0,202.0,0.0,1.0,2.0,1.0,0,0,0.0,0.0,peachtree,17,88,1717,1163039100,13.662,40.062,2230521.572,1375572.696,15.5,7.0,2,0.83,-5.76,1,101.0,214.0,0.0,1.0,2.0,1.0,15,0,25.14,30.29,peachtree,2200
69,21,69,225,616,1163041100,13.834,42.317,2230523.325,1375592.1409999998,16.0,7.0,2,0.0,0.0,1,101.0,222.0,0.0,1.0,2.0,1.0,68,70,26.48,9999.99,peachtree,21,108,209,1163041100,23.742,61.927,2230533.42,1375593.629,18.0,7.0,2,15.77,6.75,2,101.0,202.0,0.0,1.0,2.0,1.0,0,0,0.0,0.0,peachtree,200
17,24,17,145,1717,1163044800,13.648,40.421,2230521.586,1375573.043,15.5,7.0,2,0.49,-2.77,1,101.0,214.0,0.0,1.0,2.0,1.0,15,0,25.55,52.14,peachtree,24,145,206,1163044800,24.406,34.537,2230531.832,1375566.293,18.0,7.0,2,15.84,0.0,2,101.0,202.0,0.0,1.0,2.0,1.0,21,0,75.9,4.79,peachtree,2100
24,70,24,146,206,1163044900,24.364,35.535,2230531.871,1375567.292,18.0,7.0,2,15.84,0.0,2,101.0,202.0,0.0,1.0,2.0,1.0,21,0,75.72,4.78,peachtree,70,263,628,1163044900,14.703,21.834,2230522.5330000003,1375571.657,16.5,7.0,2,0.0,0.25,1,101.0,222.0,0.0,1.0,2.0,1.0,69,0,20.52,9999.99,peachtree,2000
24,69,24,147,206,1163045000,24.279,37.534,2230531.9480000003,1375569.291,18.0,7.0,2,15.84,0.0,2,101.0,202.0,0.0,1.0,2.0,1.0,21,0,74.6,4.71,peachtree,69,264,616,1163045000,13.829,42.44300000000001,2230523.33,1375592.263,16.0,7.0,2,0.71,-0.24,1,101.0,222.0,0.0,1.0,2.0,1.0,68,70,26.35,37.11,peachtree,1900
70,36,70,319,628,1163050500,14.617,23.858,2230522.611,1375573.684,16.5,7.0,2,0.34,-4.63,1,101.0,222.0,0.0,1.0,2.0,1.0,69,0,20.49,60.25,peachtree,36,202,1395,1163050500,23.022,16.547,2230529.7630000003,1375551.612,16.6,7.0,2,29.97,0.0,2,101.0,215.0,0.0,1.0,2.0,1.0,24,0,75.71,2.53,peachtree,3900
36,69,36,205,1395,1163050800,22.242,13.608,2230529.148,1375548.634,16.6,7.0,2,29.97,0.0,2,101.0,215.0,0.0,1.0,2.0,1.0,24,0,79.92,2.67,peachtree,69,322,616,1163050800,13.244000000000002,44.455,2230522.909,1375594.31,16.0,7.0,2,0.47,2.87,1,101.0,222.0,0.0,1.0,2.0,1.0,68,70,24.34,51.79,peachtree,3600
36,39,36,207,1395,1163051000,22.927,18.823,2230529.675,1375553.299,16.6,7.0,2,29.97,10.02,2,101.0,215.0,0.0,1.0,2.0,1.0,24,0,75.59,2.52,peachtree,39,207,1598,1163051000,11.573,12.331,2230518.568,1375546.775,15.0,7.0,2,1.19,-11.27,1,101.0,214.0,0.0,1.0,2.0,1.0,17,0,28.26,23.74,peachtree,3400
17,36,17,208,1717,1163051100,13.640999999999998,40.586,2230521.592,1375573.194,15.5,7.0,2,0.04,0.38,1,101.0,214.0,0.0,1.0,2.0,1.0,15,39,25.43,635.83,peachtree,36,208,1395,1163051100,23.116,21.875,2230529.892,1375555.93,16.6,7.0,2,33.32,10.02,2,101.0,215.0,0.0,1.0,2.0,1.0,24,0,73.0,2.19,peachtree,3300
69,17,69,226,616,1163041200,13.834,42.317,2230523.325,1375592.1409999998,16.0,7.0,2,0.0,0.0,1,101.0,222.0,0.0,1.0,2.0,1.0,68,70,26.48,9999.99,peachtree,17,109,1717,1163041200,13.662,40.085,2230521.572,1375572.695,15.5,7.0,2,0.0,-0.23,1,101.0,214.0,0.0,1.0,2.0,1.0,15,0,25.94,9999.99,peachtree,15500
17,70,17,110,1717,1163041300,13.662,40.085,2230521.572,1375572.695,15.5,7.0,2,0.0,-0.23,1,101.0,214.0,0.0,1.0,2.0,1.0,15,0,25.94,9999.99,peachtree,70,227,628,1163041300,14.628,11.824000000000002,2230521.647,1375561.684,16.5,7.0,2,6.27,0.0,1,101.0,222.0,0.0,1.0,2.0,1.0,69,0,30.49,4.86,peachtree,15400
39,17,39,204,1598,1163050700,11.671,13.353,2230518.607,1375547.791,15.0,7.0,2,1.19,0.0,1,101.0,214.0,0.0,1.0,2.0,1.0,17,0,27.23,22.88,peachtree,17,204,1717,1163050700,13.640999999999998,40.586,2230521.592,1375573.194,15.5,7.0,2,0.0,0.0,1,101.0,214.0,0.0,1.0,2.0,1.0,15,39,25.44,9999.99,peachtree,6000
39,69,39,203,1598,1163050600,11.765,14.348,2230518.646,1375548.79,15.0,7.0,2,1.19,0.0,1,101.0,214.0,0.0,1.0,2.0,1.0,17,0,26.24,22.05,peachtree,69,320,616,1163050600,13.244000000000002,44.409,2230522.909,1375594.311,16.0,7.0,2,0.43,-1.32,1,101.0,222.0,0.0,1.0,2.0,1.0,68,70,24.38,56.71,peachtree,8500
39,70,39,206,1598,1163050900,11.577,12.357,2230518.569,1375546.791,15.0,7.0,2,1.19,0.0,1,101.0,214.0,0.0,1.0,2.0,1.0,17,0,28.23,23.72,peachtree,70,323,628,1163050900,14.617,23.861,2230522.61,1375573.654,16.5,7.0,2,0.87,5.99,1,101.0,222.0,0.0,1.0,2.0,1.0,69,0,20.65,23.73,peachtree,8200
53,50,53,303,1428,1163060600,23.376,20.28,2230529.9080000003,1375555.3590000002,15.5,7.0,2,22.45,0.0,2,101.0,214.0,0.0,1.0,2.0,1.0,36,0,88.18,3.93,peachtree,50,303,1573,1163060600,12.505999999999998,34.051,2230519.953,1375566.8269999998,16.5,7.0,2,14.85,-2.61,1,101.0,214.0,0.0,1.0,2.0,1.0,39,0,63.0,4.24,peachtree,1700
53,70,53,304,1428,1163060700,23.268,25.981,2230530.005,1375557.858,15.5,7.0,2,22.45,0.0,2,101.0,214.0,0.0,1.0,2.0,1.0,36,0,83.46,3.72,peachtree,70,421,628,1163060700,14.597,24.334,2230522.629,1375574.155,16.5,7.0,2,0.0,0.0,1,101.0,222.0,0.0,1.0,2.0,1.0,69,0,20.46,9999.99,peachtree,1600
69,53,69,422,616,1163060800,13.229,44.794,2230522.922,1375594.659,16.0,7.0,2,0.0,0.0,1,101.0,222.0,0.0,1.0,2.0,1.0,68,70,24.0,9999.99,peachtree,53,305,1428,1163060800,22.663,28.457,2230529.602,1375560.375,15.5,7.0,2,22.45,0.0,2,101.0,214.0,0.0,1.0,2.0,1.0,36,0,82.0,3.65,peachtree,1500
69,50,69,407,616,1163059300,13.229,44.794,2230522.922,1375594.659,16.0,7.0,2,0.0,0.0,1,101.0,222.0,0.0,1.0,2.0,1.0,68,70,24.0,9999.99,peachtree,50,290,1573,1163059300,13.683,18.687,2230520.319,1375553.229,16.5,7.0,2,11.25,0.0,1,101.0,214.0,0.0,1.0,2.0,1.0,39,0,49.91,4.44,peachtree,3200
70,50,70,408,628,1163059400,14.597,24.334,2230522.629,1375574.155,16.5,7.0,2,0.0,0.0,1,101.0,222.0,0.0,1.0,2.0,1.0,69,0,20.46,9999.99,peachtree,50,291,1573,1163059400,13.649,19.635,2230520.232,1375554.1730000002,16.5,7.0,2,11.25,0.0,1,101.0,214.0,0.0,1.0,2.0,1.0,39,0,50.91,4.52,peachtree,3100
59,69,59,344,1476,1163064700,23.556,30.997,2230530.6980000003,1375562.834,14.5,7.0,2,22.17,0.0,2,101.0,214.0,0.0,1.0,2.0,1.0,53,0,74.84,3.38,peachtree,69,461,616,1163064700,13.229,44.794,2230522.922,1375594.659,16.0,7.0,2,0.0,0.0,1,101.0,222.0,0.0,1.0,2.0,1.0,68,70,24.0,9999.99,peachtree,1800
70,59,70,462,628,1163064800,14.597,24.334,2230522.629,1375574.155,16.5,7.0,2,0.0,0.0,1,101.0,222.0,0.0,1.0,2.0,1.0,69,0,20.46,9999.99,peachtree,59,345,1476,1163064800,23.577,30.498,2230530.679,1375562.335,14.5,7.0,2,22.17,0.0,2,101.0,214.0,0.0,1.0,2.0,1.0,53,0,77.39,3.49,peachtree,1700
60,59,60,351,712,1163065400,15.106,17.799,2230521.789,1375552.421,15.6,7.0,2,24.79,0.0,1,101.0,206.0,0.0,1.0,2.0,1.0,50,0,102.24,4.12,peachtree,59,351,1476,1163065400,23.518,44.875,2230531.769,1375576.6830000002,14.5,7.0,2,21.08,4.78,2,101.0,214.0,0.0,1.0,2.0,1.0,53,0,72.78,3.45,peachtree,1100
60,70,60,352,712,1163065500,15.011,16.803,2230521.75,1375551.4219999998,15.6,7.0,2,24.79,0.0,1,101.0,206.0,0.0,1.0,2.0,1.0,50,0,105.42,4.25,peachtree,70,469,628,1163065500,14.597,24.334,2230522.629,1375574.155,16.5,7.0,2,0.0,0.0,1,101.0,222.0,0.0,1.0,2.0,1.0,69,0,20.46,9999.99,peachtree,2700
60,69,60,353,712,1163065600,15.106,17.799,2230521.789,1375552.421,15.6,7.0,2,24.79,0.0,1,101.0,206.0,0.0,1.0,2.0,1.0,50,0,106.56,4.3,peachtree,69,470,616,1163065600,13.229,44.794,2230522.922,1375594.659,16.0,7.0,2,0.0,0.0,1,101.0,222.0,0.0,1.0,2.0,1.0,68,70,24.0,9999.99,peachtree,2600
63,60,63,374,925,1163067700,12.289,25.265,2230519.004,1375558.033,19.1,7.0,2,25.54,0.0,1,101.0,221.0,0.0,1.0,2.0,1.0,60,0,29.71,1.16,peachtree,60,374,712,1163067700,14.985,54.979,2230524.108,1375587.525,15.6,7.0,2,18.41,-12.1,1,101.0,206.0,0.0,1.0,2.0,1.0,39,63,221.99,12.06,peachtree,500
70,63,70,492,628,1163067800,14.597,24.334,2230522.629,1375574.155,16.5,7.0,2,0.0,0.0,1,101.0,222.0,0.0,1.0,2.0,1.0,69,0,20.46,9999.99,peachtree,63,375,925,1163067800,12.331,24.266,2230518.965,1375557.034,19.1,7.0,2,25.54,0.0,1,101.0,221.0,0.0,1.0,2.0,1.0,60,0,32.48,1.27,peachtree,2000
69,63,69,493,616,1163067900,13.229,44.794,2230522.922,1375594.659,16.0,7.0,2,0.0,0.0,1,101.0,222.0,0.0,1.0,2.0,1.0,68,70,24.0,9999.99,peachtree,63,376,925,1163067900,12.268,25.765,2230519.023,1375558.533,19.1,7.0,2,25.54,0.0,1,101.0,221.0,0.0,1.0,2.0,1.0,60,0,32.55,1.27,peachtree,1900
70,70,70,514,628,1163070000,14.597,24.334,2230522.629,1375574.155,16.5,7.0,2,0.0,0.0,1,101.0,222.0,0.0,1.0,2.0,1.0,69,0,20.46,9999.99,peachtree,70,397,775,1163070000,13.34,24.058000000000003,2230519.954,1375556.745,17.5,7.0,2,27.2,0.0,1,101.0,212.0,0.0,1.0,2.0,1.0,63,0,43.85,1.61,peachtree,1900
69,75,69,560,616,1163074600,13.229,44.792,2230522.922,1375594.659,16.0,7.0,2,0.04,0.26,1,101.0,222.0,0.0,1.0,2.0,1.0,68,70,23.99,599.8,peachtree,75,443,2377,1163074600,22.263,61.47,2230531.877,1375593.312,42.6,7.0,3,12.45,0.0,2,101.0,214.0,0.0,1.0,2.0,1.0,59,0,236.95,19.03,peachtree,200
75,70,75,444,2377,1163074700,22.391,63.129,2230532.139,1375594.955,42.6,7.0,3,12.45,0.0,2,101.0,214.0,0.0,1.0,2.0,1.0,59,0,238.12,19.13,peachtree,70,561,628,1163074700,14.597,24.334,2230522.629,1375574.155,16.5,7.0,2,0.0,0.0,1,101.0,222.0,0.0,1.0,2.0,1.0,69,0,20.44,9999.99,peachtree,100
70,69,70,228,628,1163041400,14.564,13.322,2230521.705,1375563.1819999998,16.5,7.0,2,6.27,0.0,1,101.0,222.0,0.0,1.0,2.0,1.0,69,0,29.0,4.62,peachtree,69,228,616,1163041400,13.834,42.317,2230523.325,1375592.1409999998,16.0,7.0,2,0.0,0.0,1,101.0,222.0,0.0,1.0,2.0,1.0,68,70,26.48,9999.99,peachtree,47500
95,102,95,586,2191,1163088900,13.890999999999998,46.157,2230522.274,1375578.671,18.0,7.0,2,26.01,-2.97,1,101.0,214.0,0.0,1.0,2.0,1.0,89,0,309.35,11.89,peachtree,102,703,78,1163088900,12.668,32.749,2230521.3880000003,1375582.699,16.0,7.0,2,26.0,0.0,2,101.0,202.0,0.0,1.0,2.0,1.0,66,0,460.85,17.72,peachtree,15800
118,120,118,861,1362,1163104700,23.711,32.228,2230532.387,1375581.3269999998,16.0,7.0,2,27.61,-11.36,2,101.0,215.0,0.0,1.0,2.0,1.0,116,0,44.34,1.61,peachtree,120,861,1651,1163104700,12.587,12.738,2230519.687,1375562.76,18.0,7.0,2,21.99,0.0,1,101.0,214.0,0.0,1.0,2.0,1.0,112,0,94.06,4.28,peachtree,8900
125,137,125,950,1642,1163113600,12.235,38.088,2230521.454,1375588.083,18.0,7.0,2,1.57,-7.88,1,101.0,214.0,0.0,1.0,2.0,1.0,120,0,33.21,21.15,peachtree,137,950,2382,1163113600,22.019,33.863,2230530.798,1375583.052,16.0,7.0,2,14.62,0.0,2,101.0,214.0,0.0,1.0,2.0,1.0,118,0,61.71,4.22,peachtree,62600
214,215,214,1576,242,1163176200,12.611,35.759,2230521.575,1375585.704,15.5,7.0,2,21.28,0.0,1,101.0,222.0,0.0,1.0,2.0,1.0,209,0,40.88,1.92,peachtree,215,1576,1011,1163176200,22.848000000000006,29.178,2230531.245,1375578.315,16.0,7.0,2,27.7,0.0,2,101.0,214.0,0.0,1.0,2.0,1.0,137,0,193.07,6.97,peachtree,97000
385,367,385,2429,686,1163273200,13.564,30.574,2230520.705,1375563.221,21.0,7.0,2,42.95,0.0,1,101.0,206.0,0.0,1.0,2.0,1.0,370,0,305.58,7.11,peachtree,367,2546,940,1163273200,14.249,43.305,2230523.865,1375593.122,21.0,7.0,2,38.44,-3.9,1,101.0,213.0,0.0,1.0,2.0,1.0,320,0,249.36,6.49,peachtree,3700
382,387,382,2583,72,1163276900,22.56,37.182,2230531.606,1375586.3169999998,16.0,7.0,2,29.64,0.0,2,101.0,202.0,0.0,1.0,2.0,1.0,381,387,30.49,1.03,peachtree,387,2583,919,1163276900,20.207,10.058,2230527.065,1375559.4719999998,16.0,7.0,2,43.52,0.0,2,101.0,214.0,0.0,1.0,2.0,1.0,382,0,27.12,0.62,peachtree,7600
404,402,404,2659,1670,1163284500,23.153,23.195,2230531.065,1375572.3269999998,15.5,7.0,2,26.45,0.0,2,101.0,213.0,0.0,1.0,2.0,1.0,367,0,448.76,16.97,peachtree,402,2659,1620,1163284500,12.472,27.246,2230520.747,1375577.23,20.5,7.0,2,30.74,0.0,1,101.0,214.0,0.0,1.0,2.0,1.0,396,0,81.09,2.64,peachtree,58800
530,529,530,3130,782,1163343300,12.133,52.533,2230521.056,1375585.2240000002,16.5,7.0,2,32.81,0.0,1,101.0,214.0,0.0,1.0,2.0,1.0,524,0,286.3,8.73,peachtree,529,3130,90,1163343300,24.112,53.291,2230533.057,1375585.01,15.1,7.0,2,26.65,0.0,2,101.0,202.0,0.0,1.0,2.0,1.0,410,0,592.61,22.24,peachtree,5800
543,545,543,3188,58,1163349100,5.345,59.208,2230514.832,1375592.471,17.0,7.0,2,18.45,-5.03,11,101.0,201.0,0.0,1.0,2.0,1.0,542,0,38.58,2.09,peachtree,545,3188,680,1163349100,22.516,43.715,2230530.691,1375575.594,17.1,7.0,2,33.74,0.0,2,101.0,214.0,0.0,1.0,2.0,1.0,410,0,602.27,17.85,peachtree,4200
556,570,556,3230,1434,1163353300,13.707,62.608,2230523.441,1375595.139,17.0,7.0,2,39.75,0.0,1,101.0,214.0,0.0,1.0,2.0,1.0,524,0,535.86,13.48,peachtree,570,3347,818,1163353300,12.151,11.218,2230519.129,1375561.281,29.1,7.0,3,4.23,0.0,1,101.0,215.0,0.0,1.0,2.0,1.0,451,0,55.29,13.07,peachtree,13400
584,582,584,3481,1623,1163366700,12.867,41.526,2230522.297,1375591.431,15.1,7.0,2,21.73,0.0,1,101.0,215.0,0.0,1.0,2.0,1.0,581,0,44.75,2.06,peachtree,582,3481,961,1163366700,23.326,42.72,2230532.818,1375591.774,15.0,7.0,2,18.58,0.0,2,101.0,214.0,0.0,1.0,2.0,1.0,579,0,53.74,2.89,peachtree,200
582,352,582,3481,961,1163366700,23.326,42.72,2230532.818,1375591.774,15.0,7.0,2,18.58,0.0,2,101.0,214.0,0.0,1.0,2.0,1.0,579,0,53.74,2.89,peachtree,352,3364,1156,1163366700,-4.186,51.135,2230504.6780000003,1375585.1519999998,15.0,6.5,2,30.43,0.0,1,121.0,201.0,0.0,1.0,4.0,1.0,0,419,0.0,0.0,peachtree,200
584,352,584,3481,1623,1163366700,12.867,41.526,2230522.297,1375591.431,15.1,7.0,2,21.73,0.0,1,101.0,215.0,0.0,1.0,2.0,1.0,581,0,44.75,2.06,peachtree,352,3364,1156,1163366700,-4.186,51.135,2230504.6780000003,1375585.1519999998,15.0,6.5,2,30.43,0.0,1,121.0,201.0,0.0,1.0,4.0,1.0,0,419,0.0,0.0,peachtree,8100
587,601,587,3445,673,1163374800,7.815,36.335,2230515.441,1375569.429,16.0,7.0,2,25.46,0.0,11,101.0,223.0,0.0,1.0,2.0,1.0,585,0,100.76,3.96,peachtree,601,3562,938,1163374800,23.948,41.507,2230533.297,1375590.492,14.0,7.0,2,14.53,-0.45,2,101.0,214.0,0.0,1.0,2.0,1.0,598,0,44.14,3.04,peachtree,61600
679,669,679,4180,1303,1163436600,25.584,46.809,2230535.4,1375595.667,16.0,7.0,2,0.0,0.0,2,101.0,214.0,0.0,1.0,2.0,1.0,670,0,25.88,9999.99,peachtree,669,4063,730,1163436600,22.911,57.994,2230532.241,1375589.795,16.5,7.0,2,25.57,0.0,2,101.0,214.0,0.0,1.0,2.0,1.0,601,0,1258.79,49.23,peachtree,100
671,669,671,4061,818,1163436400,14.458,33.114000000000004,2230521.801,1375565.681,16.5,7.0,2,20.17,0.0,1,101.0,214.0,0.0,1.0,2.0,1.0,619,0,96.32,4.78,peachtree,669,4061,730,1163436400,23.123,52.999,2230532.048,1375584.799,16.5,7.0,2,25.57,0.0,2,101.0,214.0,0.0,1.0,2.0,1.0,601,0,1257.51,49.18,peachtree,1200
671,679,671,4073,818,1163437600,14.508,56.673,2230523.748,1375589.123,16.5,7.0,2,17.48,7.57,1,101.0,214.0,0.0,1.0,2.0,1.0,619,0,72.76,4.16,peachtree,679,4190,1303,1163437600,25.584,46.809,2230535.4,1375595.667,16.0,7.0,2,0.0,0.0,2,101.0,214.0,0.0,1.0,2.0,1.0,670,0,25.88,9999.99,peachtree,9300
679,689,679,4283,1303,1163446900,25.584,46.809,2230535.4,1375595.667,16.0,7.0,2,0.0,0.0,2,101.0,214.0,0.0,1.0,2.0,1.0,670,0,25.88,9999.99,peachtree,689,4166,69,1163446900,3.383,59.218,2230512.876,1375592.596,14.0,7.0,2,10.51,0.0,11,101.0,201.0,0.0,1.0,2.0,1.0,0,0,0.0,0.0,peachtree,5700
703,679,703,4223,1523,1163452600,12.99,48.216,2230521.561,1375580.852,16.0,7.0,2,15.78,0.0,1,101.0,214.0,0.0,1.0,2.0,1.0,671,0,78.28,4.96,peachtree,679,4340,1303,1163452600,25.584,46.809,2230535.4,1375595.667,16.0,7.0,2,0.0,0.0,2,101.0,214.0,0.0,1.0,2.0,1.0,670,0,25.88,9999.99,peachtree,10300
715,716,715,4443,726,1163462900,9.905,42.247,2230519.357,1375592.2869999998,16.0,7.0,2,18.23,5.64,1,101.0,221.0,0.0,1.0,2.0,1.0,711,0,71.11,3.9,peachtree,716,4443,85,1163462900,22.718000000000004,32.676,2230531.399,1375581.813,16.0,7.0,2,12.68,0.0,2,101.0,202.0,0.0,1.0,2.0,1.0,713,0,29.22,2.3,peachtree,2400
719,718,719,4467,87,1163465300,23.497,24.7,2230531.53,1375573.8,16.0,7.0,2,22.04,0.0,2,101.0,202.0,0.0,1.0,2.0,1.0,716,0,50.11,2.27,peachtree,718,4467,933,1163465300,13.683,22.293000000000006,2230521.5530000003,1375572.195,16.5,7.0,2,21.14,0.0,1,101.0,214.0,0.0,1.0,2.0,1.0,715,0,72.11,3.41,peachtree,15700
738,737,738,4624,1323,1163481000,13.75,44.316,2230523.403,1375594.14,16.0,7.0,2,28.31,0.0,1,101.0,215.0,0.0,1.0,2.0,1.0,729,0,190.26,6.72,peachtree,737,4624,648,1163481000,24.112,35.997,2230533.057,1375585.01,15.6,7.0,2,26.49,0.0,2,101.0,202.0,0.0,1.0,2.0,1.0,725,0,302.88,11.43,peachtree,2900
742,743,742,4653,1335,1163483900,15.003,25.822,2230523.154,1375575.606,16.0,7.0,2,19.02,0.0,1,101.0,215.0,0.0,1.0,2.0,1.0,738,0,74.83,3.93,peachtree,743,4653,1494,1163483900,23.282,1.99,2230529.87,1375554.36,16.5,7.0,2,37.57,0.0,2,101.0,214.0,0.0,1.0,2.0,1.0,737,0,95.05,2.53,peachtree,7300
746,747,746,4609,1223,1163491200,15.748,61.695,2230525.401,1375594.063,15.0,7.0,2,18.86,0.0,1,101.0,214.0,0.0,1.0,2.0,1.0,703,0,1113.8,59.06,peachtree,747,4726,1473,1163491200,11.838,44.418,2230521.505,1375594.397,16.0,7.0,2,1.69,0.0,1,101.0,214.0,0.0,1.0,2.0,1.0,742,0,44.48,26.32,peachtree,63900
903,835,903,5248,1464,1163555100,12.793,60.56800000000001,2230522.365,1375593.179,14.5,7.0,2,12.7,0.0,1,101.0,214.0,0.0,1.0,2.0,1.0,862,0,26.41,2.08,peachtree,835,5365,890,1163555100,14.046,37.322,2230523.132,1375587.145,16.0,7.0,2,17.4,0.0,1,101.0,214.0,0.0,1.0,2.0,1.0,832,0,40.91,2.35,peachtree,3500
839,909,839,5400,869,1163558600,14.075,13.050999999999998,2230521.195,1375562.9519999998,16.1,7.0,2,22.27,0.0,1,101.0,214.0,0.0,1.0,2.0,1.0,837,0,56.94,2.56,peachtree,909,5283,1386,1163558600,15.24,60.785,2230524.821,1375593.198,16.6,7.0,2,21.81,0.0,1,101.0,214.0,0.0,1.0,2.0,1.0,903,0,54.5,2.5,peachtree,1100
839,840,839,5411,869,1163559700,13.885,39.826,2230523.199,1375589.61,16.1,7.0,2,25.4,5.2,1,101.0,214.0,0.0,1.0,2.0,1.0,837,0,60.76,2.39,peachtree,840,5411,890,1163559700,23.568,25.215,2230531.642,1375574.3069999998,16.0,7.0,2,33.78,0.0,2,101.0,214.0,0.0,1.0,2.0,1.0,743,0,442.51,13.1,peachtree,5200
846,844,846,5463,59,1163564900,24.491,15.245,2230531.755,1375564.295,16.0,7.0,2,33.03,0.0,2,101.0,202.0,0.0,1.0,2.0,1.0,840,0,214.02,6.48,peachtree,844,5463,160,1163564900,13.543,35.61,2230522.483,1375585.4640000002,16.0,7.0,2,20.37,5.95,1,101.0,223.0,0.0,1.0,2.0,1.0,837,0,243.29,11.94,peachtree,8100
859,860,859,5544,1625,1163573000,13.544,13.78,2230520.725,1375563.721,16.0,7.0,2,22.43,0.0,1,101.0,214.0,0.0,1.0,2.0,1.0,856,0,41.44,1.85,peachtree,860,5544,1605,1163573000,24.234,12.219,2230531.254,1375561.3,16.0,7.0,2,27.52,0.0,2,101.0,214.0,0.0,1.0,2.0,1.0,851,0,82.29,2.99,peachtree,3700
947,864,947,5464,138,1163576700,7.18,51.322,2230516.021,1375584.418,17.5,7.0,2,25.92,0.0,11,101.0,223.0,0.0,1.0,2.0,1.0,0,0,0.0,0.0,peachtree,864,5581,1459,1163576700,14.146,31.173,2230522.743,1375581.005,16.0,7.0,2,14.54,-5.02,1,101.0,215.0,0.0,1.0,2.0,1.0,859,0,42.35,2.91,peachtree,16700
869,904,869,5748,1584,1163593400,12.935,30.241,2230521.451,1375580.178,16.0,7.0,2,0.0,0.0,1,101.0,214.0,0.0,1.0,2.0,1.0,864,0,22.59,9999.99,peachtree,904,5748,546,1163593400,24.795,29.458,2230533.2090000003,1375578.437,16.0,7.0,2,20.62,0.0,2,101.0,202.0,0.0,1.0,2.0,1.0,860,0,94.0,4.56,peachtree,7900
869,926,869,5827,1584,1163601300,12.935,30.241,2230521.451,1375580.178,16.0,7.0,2,0.0,0.0,1,101.0,214.0,0.0,1.0,2.0,1.0,864,0,22.59,9999.99,peachtree,926,5827,516,1163601300,23.205,10.185,2230530.063,1375559.356,16.0,7.0,2,19.99,0.0,2,101.0,202.0,0.0,1.0,2.0,1.0,904,0,87.84,4.39,peachtree,32500
1093,1092,1093,6035,212,1163633800,22.521,32.448,2230529.784,1375564.364,17.0,7.0,2,15.33,0.0,2,101.0,202.0,0.0,1.0,2.0,1.0,958,0,103.5,6.75,peachtree,1092,6035,102,1163633800,5.287000000000001,48.739,2230513.926,1375581.997,16.0,7.0,2,13.19,0.0,11,101.0,223.0,0.0,1.0,2.0,1.0,1032,0,81.36,6.17,peachtree,1100
1092,869,1092,6035,102,1163633800,5.287000000000001,48.739,2230513.926,1375581.997,16.0,7.0,2,13.19,0.0,11,101.0,223.0,0.0,1.0,2.0,1.0,1032,0,81.36,6.17,peachtree,869,6152,1584,1163633800,12.935,30.241,2230521.451,1375580.178,16.0,7.0,2,0.0,0.0,1,101.0,214.0,0.0,1.0,2.0,1.0,864,0,22.59,9999.99,peachtree,1100
1093,869,1093,6035,212,1163633800,22.521,32.448,2230529.784,1375564.364,17.0,7.0,2,15.33,0.0,2,101.0,202.0,0.0,1.0,2.0,1.0,958,0,103.5,6.75,peachtree,869,6152,1584,1163633800,12.935,30.241,2230521.451,1375580.178,16.0,7.0,2,0.0,0.0,1,101.0,214.0,0.0,1.0,2.0,1.0,864,0,22.59,9999.99,peachtree,3200
1104,1105,1104,6075,753,1163637800,22.899,46.484,2230531.297,1375578.323,15.5,7.0,2,10.15,0.0,2,101.0,214.0,0.0,1.0,2.0,1.0,1093,0,47.24,4.65,peachtree,1105,6075,57,1163637800,5.245,49.738,2230513.965,1375582.996,15.0,7.0,2,10.61,0.0,11,101.0,223.0,0.0,1.0,2.0,1.0,1092,0,51.04,4.81,peachtree,1200
1105,869,1105,6077,57,1163638000,5.055,51.851000000000006,2230513.946,1375585.118,15.0,7.0,2,10.61,0.0,11,101.0,223.0,0.0,1.0,2.0,1.0,1092,0,50.34,4.74,peachtree,869,6194,1584,1163638000,12.935,30.241,2230521.451,1375580.178,16.0,7.0,2,0.0,0.0,1,101.0,214.0,0.0,1.0,2.0,1.0,864,0,22.59,9999.99,peachtree,1000
1102,1105,1102,6078,799,1163638100,14.746,42.31100000000001,2230522.807,1375574.83,14.5,7.0,2,17.55,-8.67,1,101.0,214.0,0.0,1.0,2.0,1.0,984,0,62.78,3.58,peachtree,1105,6078,57,1163638100,4.96,52.908,2230513.937,1375586.179,15.0,7.0,2,10.61,0.0,11,101.0,223.0,0.0,1.0,2.0,1.0,1092,0,49.91,4.7,peachtree,900
869,1102,869,6184,1584,1163637000,12.935,30.241,2230521.451,1375580.178,16.0,7.0,2,0.0,0.0,1,101.0,214.0,0.0,1.0,2.0,1.0,864,0,22.59,9999.99,peachtree,1102,6067,799,1163637000,14.133,18.142,2230520.799,1375552.71,14.5,7.0,2,20.8,0.0,1,101.0,214.0,0.0,1.0,2.0,1.0,984,0,86.89,4.18,peachtree,2500
1104,1102,1104,6079,753,1163638200,22.799,50.544,2230531.526,1375582.378,15.5,7.0,2,10.15,0.0,2,101.0,214.0,0.0,1.0,2.0,1.0,1093,0,49.36,4.86,peachtree,1102,6079,799,1163638200,14.825,44.021,2230523.071,1375576.5180000002,14.5,7.0,2,16.66,-9.13,1,101.0,214.0,0.0,1.0,2.0,1.0,984,0,61.08,3.67,peachtree,1300
869,1104,869,6193,1584,1163637900,12.935,30.241,2230521.451,1375580.178,16.0,7.0,2,0.0,0.0,1,101.0,214.0,0.0,1.0,2.0,1.0,864,0,22.59,9999.99,peachtree,1104,6076,753,1163637900,22.874,47.499,2230531.3540000003,1375579.3369999998,15.5,7.0,2,10.15,0.0,2,101.0,214.0,0.0,1.0,2.0,1.0,1093,0,47.75,4.7,peachtree,16300
1123,990,1123,6239,1515,1163654200,15.021,31.636,2230522.243,1375564.1619999998,17.0,7.0,2,5.46,0.0,1,101.0,214.0,0.0,1.0,2.0,1.0,1122,0,32.54,5.96,peachtree,990,6356,951,1163654200,13.874,17.797,2230521.379,1375567.698,16.0,7.0,2,24.82,0.0,1,101.0,214.0,0.0,1.0,2.0,1.0,985,0,87.34,3.52,peachtree,9700
999,1142,999,6453,29,1163663900,5.955,27.562,2230514.277,1375578.133,16.0,7.0,2,24.32,-5.29,11,101.0,201.0,0.0,1.0,2.0,1.0,0,0,0.0,0.0,peachtree,1142,6336,1290,1163663900,15.249,61.673,2230524.902,1375594.082,15.5,7.0,2,25.76,0.0,1,101.0,215.0,0.0,1.0,2.0,1.0,1134,0,43.2,1.68,peachtree,1900
1000,1004,1000,6472,1576,1163665800,14.826,40.181,2230524.154,1375589.937,16.0,7.0,2,40.31,-3.35,1,101.0,214.0,0.0,1.0,2.0,1.0,993,0,239.02,5.93,peachtree,1004,6472,1638,1163665800,24.264,18.733,2230531.811,1375567.79,16.0,7.0,2,39.28,0.0,2,101.0,214.0,0.0,1.0,2.0,1.0,994,0,890.96,22.68,peachtree,5400
1012,1011,1012,6526,1368,1163671200,23.556,13.703,2230530.6980000003,1375562.834,16.0,7.0,2,25.27,0.0,2,101.0,215.0,0.0,1.0,2.0,1.0,1004,0,220.01,8.71,peachtree,1011,6526,1397,1163671200,14.708,32.838,2230523.4280000003,1375582.623,16.0,7.0,2,26.99,0.0,1,101.0,215.0,0.0,1.0,2.0,1.0,1000,0,265.38,9.83,peachtree,2500
1157,1023,1157,6437,1376,1163674000,14.343,47.622,2230522.861,1375580.15,17.0,7.0,2,30.49,0.0,1,101.0,214.0,0.0,1.0,2.0,1.0,1155,0,67.17,2.2,peachtree,1023,6554,1525,1163674000,23.187,34.206,2230531.99,1375583.3,16.0,7.0,2,15.8,0.0,2,101.0,214.0,0.0,1.0,2.0,1.0,1012,0,47.06,2.98,peachtree,600
1157,1022,1157,6438,1376,1163674100,14.237,50.12,2230522.958,1375582.649,17.0,7.0,2,30.49,0.0,1,101.0,214.0,0.0,1.0,2.0,1.0,1155,0,67.67,2.22,peachtree,1022,6555,1787,1163674100,12.311,19.232,2230519.938,1375569.255,16.0,7.0,2,20.58,0.0,1,101.0,215.0,0.0,1.0,2.0,1.0,1011,0,73.59,3.58,peachtree,500
1023,1022,1023,6551,1525,1163673700,22.962,27.691,2230531.239,1375576.824,16.0,7.0,2,15.8,0.0,2,101.0,214.0,0.0,1.0,2.0,1.0,1012,0,47.64,3.02,peachtree,1022,6551,1787,1163673700,12.194,10.219,2230519.091,1375560.281,16.0,7.0,2,20.58,0.0,1,101.0,215.0,0.0,1.0,2.0,1.0,1011,0,75.42,3.66,peachtree,12000
1170,1041,1170,6554,2268,1163685700,13.89,59.104,2230523.34,1375591.631,15.5,7.0,2,18.35,0.0,1,101.0,214.0,0.0,1.0,2.0,1.0,1157,0,323.4,17.62,peachtree,1041,6671,1549,1163685700,23.815,42.99100000000001,2230533.328,1375592.005,16.1,7.0,2,0.0,0.0,2,101.0,214.0,0.0,1.0,2.0,1.0,1027,0,19.76,9999.99,peachtree,1300
1041,1173,1041,6684,1549,1163687000,23.815,42.99100000000001,2230533.328,1375592.005,16.1,7.0,2,0.0,0.0,2,101.0,214.0,0.0,1.0,2.0,1.0,1027,0,19.71,9999.99,peachtree,1173,6567,1228,1163687000,25.46,45.09,2230533.737,1375576.727,16.5,7.0,2,21.84,0.0,2,101.0,214.0,0.0,1.0,2.0,1.0,1123,0,776.61,35.56,peachtree,39100
1135,1041,1135,7075,71,1163726100,5.299,42.956,2230514.87,1375593.469,14.5,7.0,2,9.82,0.0,11,101.0,201.0,0.0,1.0,2.0,1.0,1132,0,76.02,7.74,peachtree,1041,7075,1549,1163726100,23.032,43.11,2230532.557,1375592.187,16.1,7.0,2,0.0,0.0,2,101.0,214.0,0.0,1.0,2.0,1.0,1027,0,21.51,9999.99,peachtree,98900
1311,1309,1311,8064,897,1163825000,14.584,0.303,2230521.279,1375552.191,15.0,7.0,2,0.24,0.0,1,101.0,206.0,0.0,1.0,2.0,1.0,1309,0,41.31,172.11,peachtree,1309,8064,1069,1163825000,14.866,41.61,2230524.296,1375591.353,15.1,7.0,2,0.43,0.0,1,101.0,214.0,0.0,1.0,2.0,1.0,1308,1311,27.73,64.48,peachtree,14200
1483,1147,1483,8090,1691,1163839300,14.742,37.799,2230522.464,1375570.3269999998,15.6,7.0,2,14.19,0.0,1,101.0,214.0,0.0,1.0,2.0,1.0,1476,0,90.46,6.38,peachtree,1147,8207,1056,1163839300,-15.947,41.965,2230493.613,1375594.2019999998,15.2,6.6,2,37.93,0.0,2,121.0,201.0,0.0,1.0,4.0,1.0,0,1140,0.0,0.0,peachtree,100
1311,1483,1311,8206,897,1163839200,14.602,40.756,2230523.964,1375590.524,15.0,7.0,2,15.33,0.0,1,101.0,206.0,0.0,1.0,2.0,1.0,1309,0,60.41,3.94,peachtree,1483,8089,1691,1163839200,14.82,36.382,2230522.427,1375568.909,15.6,7.0,2,14.19,0.0,1,101.0,214.0,0.0,1.0,2.0,1.0,1476,0,91.02,6.41,peachtree,5700
1322,1321,1322,8263,950,1163844900,14.463,4.332,2230520.934,1375556.207,16.0,7.0,2,38.55,0.0,1,101.0,214.0,0.0,1.0,2.0,1.0,1309,0,268.53,6.97,peachtree,1321,8263,71,1163844900,24.994,38.787,2230534.162,1375587.719,14.5,7.0,2,23.32,0.0,2,101.0,202.0,0.0,1.0,2.0,1.0,1199,0,483.23,20.72,peachtree,4800
1335,1336,1335,8311,713,1163849700,24.513,14.745,2230531.736,1375563.795,15.0,7.0,2,25.71,0.0,2,101.0,221.0,0.0,1.0,2.0,1.0,1334,0,63.66,2.48,peachtree,1336,8311,1496,1163849700,13.255999999999998,8.763,2230520.032,1375558.744,15.0,7.0,2,37.39,0.0,1,101.0,215.0,0.0,1.0,2.0,1.0,1332,0,95.19,2.55,peachtree,28300
